Id,Cost For 2
20002,1000
20012,500
20022,500
20028,-
20029,-
20035,600
20036,600
20044,400
20059,800
20060,350
20061,800
20062,-
20063,900
20065,500
20070,550
20071,550
20072,700
20073,550
20074,550
20075,550
20079,400
20083,450
20085,500
20090,650
20127,-
20132,400
20137,600
20138,450
20141,450
20147,600
20149,650
20169,700
20172,700
20177,700
20193,1600
20235,900
20240,1100
20246,400
20273,450
20274,800
20279,250
20283,800
20286,1000
20287,500
20288,500
20292,500
20293,600
20299,1000
20307,500
20320,-
20322,-
20348,800
20350,1100
20356,450
20363,750
20384,550
20393,750
20397,400
20404,1200
20407,900
20412,250
20414,200
20420,500
20453,900
20456,1100
20458,800
20464,500
20468,550
20472,500
20477,700
20478,700
20495,750
20496,750
20499,1000
20506,600
20510,550
20518,900
20520,1500
20522,300
20529,-
20543,600
20563,750
20600,2200
20601,400
20602,400
20606,550
20607,550
20608,550
20611,500
20612,300
20613,500
20615,150
20618,700
20618,700
20619,1000
20621,900
20622,900
20625,400
20628,700
20629,700
20633,200
20636,200
20637,350
20638,500
20640,400
20641,250
20644,300
20646,600
20647,1000
20648,450
20650,600
20652,600
20653,500
20655,350
20657,900
20658,400
20661,450
20662,300
20665,150
20670,600
20671,450
20672,500
20673,-
20675,500
20677,500
20678,-
20679,400
20681,750
20682,500
20685,600
20687,400
20688,400
20691,450
20692,600
20693,500
20694,-
20698,600
20700,600
20702,650
20703,450
20705,500
20706,400
20708,700
20709,600
20710,600
20712,1100
20717,250
20719,450
20720,850
20721,250
20722,250
20723,150
20725,600
20727,350
20728,500
20729,500
20730,500
20731,500
20734,500
20735,350
20737,500
20740,250
20744,500
20746,200
20747,850
20753,900
20754,450
20755,500
20756,-
20759,200
20761,250
20762,-
20763,450
20765,400
20768,350
20769,-
20770,-
20775,600
20776,200
20778,400
20779,300
20780,350
20782,900
20783,300
20784,300
20785,300
20786,400
20787,300
20789,350
20791,700
20793,350
20794,450
20795,700
20796,700
20797,700
20801,-
20802,250
20803,250
20807,350
20809,250
20810,500
20813,300
20816,550
20817,350
20818,200
20819,350
20826,450
20827,400
20828,600
20829,300
20830,800
20833,1400
20834,600
20838,250
20841,1600
20842,1400
20843,-
20844,800
20847,500
20848,4000
20849,1500
20850,3000
20851,900
20852,1800
20855,1100
20856,700
20857,700
20858,800
20859,1100
20860,1600
20862,1200
20864,1000
20866,1900
20867,700
20868,300
20870,900
20872,950
20873,900
20875,1200
20876,1100
20878,1000
20879,1000
20880,600
20881,700
20885,1200
20890,-
20894,500
20902,500
20904,500
20905,550
20906,550
20908,550
20909,550
20910,550
20911,500
20912,900
20916,550
20917,400
20918,750
20920,400
20923,550
20926,550
20927,1700
20928,1800
20929,500
20934,550
20935,550
20940,4600
20941,2500
20942,2800
20943,3000
20945,300
20946,300
20947,300
20950,600
20951,350
20956,350
20957,350
20959,-
20964,300
20967,300
20971,200
20974,1400
20986,250
20988,250
21015,1200
21016,1200
21020,250
21022,250
21027,250
21028,250
21029,250
21031,250
21032,250
21037,250
21040,250
21046,600
21047,400
21049,800
21050,600
21051,300
21052,250
21055,350
21058,300
21061,200
21064,200
21065,200
21066,350
21070,550
21073,550
21074,300
21076,300
21077,-
21083,650
21087,650
21094,650
21099,650
21102,650
21103,650
21108,650
21117,350
21118,500
21120,200
21121,500
21122,-
21124,400
21125,300
21126,300
21127,300
21132,400
21137,100
21138,100
21140,500
21143,600
21146,500
21147,300
21148,900
21149,900
21150,350
21151,-
21152,1100
21153,350
21154,150
21155,1200
21156,400
21157,-
21159,600
21160,-
21161,150
21162,500
21165,400
21171,800
21174,-
21176,550
21177,300
21178,500
21179,300
21180,-
21183,-
21185,600
21186,600
21188,600
21195,150
21197,150
21199,150
21208,400
21211,300
21212,1350
21213,1200
21214,1200
21215,-
21216,1800
21217,1500
21219,1900
21220,1900
21225,400
21226,400
21227,800
21228,450
21229,500
21230,450
21231,600
21234,550
21241,400
21250,500
21251,500
21254,500
21255,350
21257,800
21260,500
21262,300
21268,300
21269,600
21271,350
21273,750
21274,600
21279,300
21280,450
21281,750
21282,650
21283,300
21284,450
21286,350
21287,250
21288,400
21290,-
21291,300
21294,500
21295,200
21296,500
21297,350
21299,-
21300,700
21301,500
21302,600
21305,2000
21306,500
21307,550
21308,1000
21310,400
21311,300
21313,1100
21315,350
21316,300
21318,600
21319,400
21320,250
21328,700
21329,500
21332,200
21333,200
21334,1000
21334,1000
21336,350
21337,250
21338,500
21341,400
21343,800
21344,500
21346,900
21347,1800
21348,700
21349,600
21350,900
21352,1700
21353,650
21354,1200
21355,-
21356,2500
21357,2500
21359,1200
21360,1000
21366,900
21367,1500
21368,2600
21370,900
21371,600
21376,800
21380,1000
21381,350
21382,-
21383,1200
21386,500
21388,800
21389,1000
21391,500
21392,300
21397,300
21398,500
21399,450
21402,350
21404,-
21411,500
21412,850
21413,500
21416,450
21417,600
21418,350
21420,400
21424,2400
21425,400
21426,1500
21427,700
21429,300
21431,1000
21432,2000
21434,750
21435,450
21436,450
21438,300
21439,350
21441,250
21442,500
21445,450
21447,800
21448,300
21450,-
21451,500
21453,300
21454,500
21455,600
21456,300
21461,3700
21462,5500
21465,850
21466,900
21467,650
21468,-
21469,300
21470,500
21471,4200
21472,2500
21474,500
21475,450
21476,450
21479,300
21483,250
21484,200
21485,350
21486,300
21487,2500
21490,400
21492,-
21493,500
21494,650
21495,1100
21497,3700
21499,3000
21500,1800
21501,1000
21502,2100
21504,600
21506,2500
21507,450
21508,3000
21509,3500
21510,750
21511,900
21512,800
21513,500
21515,700
21516,2000
21519,1700
21520,1700
21523,4000
21526,450
21527,550
21529,-
21530,1700
21531,1600
21532,1300
21536,500
21537,350
21538,600
21539,400
21540,400
21542,2000
21543,1000
21544,500
21548,600
21549,500
21550,400
21552,550
21553,-
21557,3675
21558,600
21559,1200
21560,550
21561,800
21563,1400
21565,1500
21567,850
21568,1800
21569,-
21570,800
21572,300
21573,1000
21574,1500
21576,600
21578,500
21579,1500
21580,2500
21581,2000
21582,2000
21583,500
21584,-
21585,750
21586,550
21587,1000
21588,1200
21590,350
21594,300
21595,-
21596,350
21598,350
21600,700
21602,700
21604,1000
21606,1200
21607,1300
21608,1500
21609,650
21611,4000
21612,450
21613,700
21614,600
21616,1400
21617,1600
21618,1850
21619,700
21620,1600
21621,1450
21622,1400
21623,500
21624,1400
21626,4500
21627,4500
21630,450
21633,1200
21634,700
21635,200
21636,1600
21639,900
21642,600
21647,650
21649,150
21653,300
21664,1100
21665,450
21668,250
21669,650
21670,300
21672,350
21672,350
21674,300
21675,400
21680,1200
21684,900
21685,1000
21689,400
21692,1200
21694,600
21697,300
21701,400
21703,1200
21706,-
21707,550
21710,250
21712,700
21714,850
21715,600
21716,700
21718,500
21721,500
21722,800
21723,500
21727,600
21729,700
21733,800
21734,500
21736,500
21741,400
21744,450
21747,-
21748,400
21751,500
21753,450
21754,350
21755,500
21757,500
21759,300
21760,300
21761,800
21763,200
21764,200
21773,500
21774,600
21777,350
21780,600
21781,1500
21785,350
21793,500
21794,750
21798,1200
21802,750
21805,350
21811,600
21812,800
21813,400
21814,400
21815,800
21816,400
21817,500
21818,800
21821,350
21824,300
21828,500
21829,650
21830,600
21833,750
21834,500
21835,250
21837,300
21839,1700
21218,1400
21843,150
21846,400
21847,500
21848,400
21850,250
21852,250
21854,500
21855,900
21859,500
21860,1700
21861,1100
21862,800
21863,150
21867,200
21868,450
21869,1200
21870,1000
21875,350
21876,1700
21881,1400
21882,400
21883,350
21885,550
21886,300
21888,800
21892,600
21893,-
21894,-
21896,250
21913,-
21921,250
21925,250
21927,250
21929,250
21930,-
21933,400
21934,-
21936,-
21937,300
21938,400
21940,-
21944,600
21949,1500
21951,800
21954,600
21956,600
21961,-
21962,500
21964,550
21967,450
21968,350
21969,400
21978,250
21982,500
21983,400
21984,400
21985,350
21986,250
21987,200
21988,360
21989,200
21990,-
21991,300
21992,650
21994,800
21995,650
21996,350
21997,1000
21998,650
22003,350
22004,500
22006,300
22007,400
22008,350
22010,200
22013,400
22015,350
22016,350
22017,400
22022,200
22023,200
22024,400
22026,450
22031,300
22033,350
22037,700
22038,600
22040,350
22041,300
22042,500
22043,250
22047,350
22048,550
22049,450
22051,300
22052,700
22056,650
22057,600
22059,-
22060,500
22067,200
22068,550
22072,450
22076,100
22077,300
22078,100
22080,100
22081,1200
22082,200
22083,100
22085,200
22086,250
22087,250
22089,150
22090,200
22091,150
22093,550
22094,500
22095,600
22096,1200
22097,250
22098,450
22099,250
22101,200
22103,350
22104,150
22107,1000
22110,200
22113,900
22114,250
22116,-
22117,250
22119,250
22121,1000
22124,350
22127,300
22130,300
22131,150
22137,500
22139,1000
22140,500
22146,200
22151,300
22153,500
22153,500
22158,500
22161,650
22162,-
22164,500
22165,400
22168,650
22169,150
22170,250
22171,300
22172,200
22173,350
22175,600
22179,600
22180,350
22183,400
22184,-
22186,400
22188,1500
22189,700
22190,-
22194,400
22196,150
22197,1500
22198,400
22205,250
22206,200
22207,-
22208,-
22209,250
22210,350
22216,450
22219,400
22220,1600
22221,450
22225,400
22228,350
22231,450
22232,-
22233,250
22234,450
22240,300
22242,150
22243,1200
22245,250
22246,150
22247,150
22248,-
22250,-
22254,-
22259,900
22260,400
22328,200
22333,500
22351,y  
22353,450
22354,300
22355,250
22357,250
22358,200
22361,400
22362,1200
22363,500
22364,250
22365,100
22366,250
22368,150
22371,250
22372,300
22378,200
22379,800
22386,300
22391,200
22397,500
22401,200
22404,800
22405,900
22406,300
22407,1200
22409,150
22410,200
22418,1300
22420,500
22421,500
22424,550
22428,1700
22429,600
22430,-
22431,100
22432,400
22433,100
22435,100
22437,400
22438,300
22439,400
22442,100
22444,400
22446,500
22447,150
22448,350
22453,350
22457,150
22458,100
22460,350
22462,-
22463,350
22466,300
22467,1000
22468,1000
22469,900
22477,350
22478,150
22480,500
22481,-
22482,550
22483,600
22485,250
22486,700
22487,-
22488,300
22494,350
22496,600
22498,450
22500,400
22501,200
22504,350
22505,150
22506,350
22509,350
22512,250
22513,250
22514,100
22518,400
22519,-
22524,-
22525,200
22526,200
22527,250
22528,1000
22529,-
22530,600
22531,700
22532,200
22534,1100
22535,500
22536,200
22536,200
22537,300
22538,100
22539,1195
22540,300
22543,1200
22544,200
22545,300
22548,300
22552,400
22554,150
22557,150
22558,150
22559,150
22564,150
22566,-
22567,300
22569,-
22571,600
22572,-
22575,500
22576,300
22580,200
22581,150
22582,200
22583,150
22584,150
22584,150
22586,150
22587,150
22588,500
22590,150
22591,150
22592,150
22593,-
22595,500
22599,250
22602,250
22603,250
22604,200
22605,100
22609,600
22610,150
22611,400
22612,150
22614,400
22615,250
22617,300
22620,350
22624,450
22625,-
22631,350
22636,150
22640,150
22641,200
22642,350
22643,200
22646,800
22647,500
22649,450
22656,250
22657,150
22658,-
22659,700
22660,2500
22660,2500
22661,3000
22662,550
22664,600
22665,450
22668,500
22672,500
22673,400
22674,600
22675,150
22679,200
22680,150
22680,150
22683,150
22684,150
22686,100
22688,100
22690,150
22691,250
22692,250
22693,450
22694,150
22696,-
22698,300
22699,150
22700,350
22704,500
22705,350
22707,400
22708,500
22710,150
22712,500
22716,150
22718,150
22721,850
22722,100
22725,150
22727,450
22728,-
22729,250
22730,500
22731,350
22732,400
22743,450
22744,300
22746,250
22748,600
22749,300
22751,500
22752,1500
22753,150
22755,250
22756,200
22757,150
22759,150
22763,-
22766,-
22767,200
22769,450
22770,300
22771,300
22773,300
22775,800
22776,1300
22783,1500
22784,1400
22785,100
22787,350
22788,300
22789,800
22790,500
22792,450
22796,250
22797,300
22802,150
22803,350
22804,900
22805,300
22807,800
22809,2200
22809,2200
22810,200
22811,-
22812,-
22813,-
22814,-
22815,-
22816,-
22817,-
22818,-
22819,-
22820,-
22821,-
22822,-
22823,-
22826,-
22827,-
22831,350
22832,300
22833,150
22835,250
22837,350
22839,-
22840,200
22845,350
22846,1100
22847,-
22848,200
22849,150
22850,400
22851,350
22853,400
22854,550
22856,100
22857,500
22859,200
22860,150
22861,500
22864,200
22866,150
22867,500
22869,250
22870,300
22872,300
22873,250
22875,300
22876,200
22878,200
22883,200
22884,100
22885,150
22886,450
22888,300
22889,250
22891,200
22892,400
22893,300
22895,400
22896,500
22897,400
22898,200
22899,150
22901,450
22903,350
22904,150
22905,100
22906,150
22907,100
22908,250
22909,150
22910,100
22912,100
22913,100
22914,100
22915,100
22916,-
22918,250
22919,250
22920,-
22921,100
22922,100
22923,100
22925,220
22926,100
22929,100
22930,400
22931,200
22932,100
22933,1700
22934,1700
22935,100
22936,200
22939,100
22946,300
22947,300
22949,200
22950,200
22951,100
22954,150
22955,100
22956,150
22957,-
22960,150
22961,-
22963,150
22964,100
22965,100
22970,600
22971,200
22973,100
22974,300
22986,150
22991,200
22997,150
22999,150
23003,150
23008,200
23010,-
23014,150
23024,150
23028,150
23033,150
23034,150
23037,150
23042,100
23044,100
23049,150
23050,150
23056,150
23057,1000
23066,150
23067,100
23068,100
23072,250
23075,100
23079,400
23082,150
23084,100
23085,500
23087,600
23088,100
23090,200
23091,200
23092,150
23093,300
23094,100
23096,500
23098,100
23103,350
23105,100
23107,100
23113,450
23114,500
23116,700
23117,300
23119,100
23121,200
23123,100
23125,200
23128,-
23129,150
23130,250
23131,350
23132,600
23133,100
23135,100
23137,200
23139,300
23148,-
23149,700
23153,100
23154,400
23158,250
23159,350
23160,-
23162,250
23164,150
23165,150
23166,500
23170,500
23174,250
23175,250
23178,350
23179,850
23180,500
23182,450
23183,-
23184,-
23185,1800
23187,100
23189,300
23191,700
23192,100
23194,200
23195,600
23196,500
23201,100
23203,250
23204,300
23205,350
23207,-
23208,400
23213,-
23214,400
23217,-
23218,400
23219,900
23220,200
23221,800
23223,100
23225,350
23227,500
23228,500
23229,500
23230,700
23231,300
23233,650
23236,700
23237,400
23238,200
23242,500
23243,400
23246,1200
23249,200
23253,-
23254,150
23256,100
23258,250
23263,-
23264,900
23265,100
23267,-
23270,350
23271,400
23273,1200
23279,250
23280,550
23281,500
23284,400
23285,300
23289,300
23289,300
23291,350
23295,300
23299,700
23300,350
23302,450
23303,550
23304,450
23305,600
23307,400
23308,450
23309,300
23310,600
23313,500
23316,350
23320,400
23322,700
23325,550
23326,100
23327,100
23330,600
23330,600
23342,460
23343,-
23345,600
23348,600
23349,200
23353,400
23355,600
23357,500
23359,700
23372,440
23375,350
23377,150
23380,500
23381,250
23382,100
23383,250
23385,-
23387,200
23388,400
23389,-
23392,200
23393,150
23396,2500
23397,300
23398,350
23399,150
23400,100
23401,150
23403,100
23408,700
23411,-
23412,1000
23413,2500
23415,1500
23416,1000
23417,150
23418,200
23422,-
23425,550
23427,200
23430,600
23432,1300
23433,1200
23434,250
23436,300
23438,350
23440,200
23441,200
23442,2200
23444,500
23445,500
23446,500
23451,800
23452,500
23453,-
23456,100
23457,400
23461,100
23462,500
23466,1200
23468,600
23470,150
23473,150
23474,100
23482,-
23483,100
23484,250
23488,-
23489,700
23491,-
23493,150
23495,100
23497,200
23498,150
23499,200
23502,350
23504,200
23505,250
23506,350
23507,200
23512,500
23513,200
23514,100
23517,-
23518,100
23521,150
23522,200
23523,200
23524,100
23526,50 fo
23527,1500
23528,100
23530,100
23531,300
23532,100
23534,650
23536,200
23540,250
23541,100
23548,800
23551,200
23554,200
23555,850
23557,700
23558,300
23559,500
23561,300
23563,400
23566,150
23568,100
23571,300
23575,200
23578,250
23584,300
23585,100
23587,1800
23588,1200
23589,-
23590,1200
23592,400
23595,1000
23597,900
23599,700
23600,300
23606,700
23608,550
23610,700
23614,200
23618,200
23621,250
23622,100
23625,350
23626,1200
23629,-
23631,450
23633,175
23635,500
23636,1500
23638,600
23639,450
23642,650
23643,300
23644,250
23652,450
23655,1450
23657,700
23658,850
23659,400
23662,400
23663,250
23664,350
23671,100
23673,-
23674,300
23677,250
23679,100
23680,100
23681,250
23682,100
23683,300
23684,300
23685,200
23691,700
23695,200
23697,500
23699,250
23703,500
23704,250
23707,250
23708,500
23709,500
23711,250
23712,500
23713,500
23717,200
23718,200
23719,600
23722,200
23724,200
23725,200
23728,350
23729,1700
23730,-
23731,450
23736,300
23737,150
23738,200
23739,150
23740,150
23741,150
23743,-
23748,200
23750,450
23756,200
23757,200
23762,-
23763,200
23765,300
23767,800
23769,150
23771,150
23772,150
23773,250
23779,150
23780,250
23782,250
23783,250
23784,150
23787,900
23789,250
23792,700
23793,400
23799,500
23800,600
23801,700
23803,400
23805,-
23807,700
23809,2000
23811,300
23814,500
23817,1200
23820,150
23822,900
23828,450
23829,850
23831,1600
23832,-
23833,350
23834,550
23835,150
23836,500
23838,400
23839,450
23847,400
23848,900
23853,650
23857,300
23860,100
23864,100
23865,800
23867,100
23869,500
23870,450
23872,200
23873,500
23875,1000
23876,400
23877,100
23878,700
23882,400
23883,350
23884,200
23890,600
23892,350
23894,750
23896,100
23897,600
23898,1500
23899,-
23901,2100
23902,1800
23904,100
23914,450
23916,600
23918,300
23919,200
23920,300
23922,400
23923,2000
23924,300
23925,150
23928,250
23933,1100
23934,-
23940,300
23942,500
23944,100
23945,200
23953,650
23958,250
23960,100
23963,350
23964,600
23967,300
23968,100
23971,150
23972,250
23973,700
23975,150
23976,250
23978,100
23980,150
23981,450
23982,100
23983,150
23984,300
23985,600
23988,300
23991,300
23993,100
23995,150
23996,300
24000,200
24001,200
24002,350
24003,300
24005,250
24007,300
24008,1200
24009,400
24010,-
24014,150
24015,-
24016,200
24023,-
24027,-
24033,300
24033,300
24034,200
24035,200
24038,200
24043,200
24046,200
24054,600
24059,200
24060,200
24061,200
24066,200
24067,300
24070,200
24072,100
24073,100
24075,200
24076,-
24078,-
24080,-
24081,400
24085,100
24087,300
24088,200
24090,150
24095,400
24100,150
24103,300
24105,-
24107,250
24108,100
24113,600
24114,200
24115,250
24117,1300
24119,100
24121,100
24122,400
24123,1500
24124,150
24125,250
24131,400
24132,600
24137,200
24138,300
24139,100
24140,350
24141,100
24142,250
24143,600
24147,400
24148,100
24149,300
24151,200
24153,200
24156,100
24157,100
24158,100
24159,100
24161,100
24162,300
24163,100
24165,200
24166,100
24167,150
24170,150
24171,100
24172,400
24173,200
24174,200
24175,-
24176,450
24179,200
24181,350
24186,200
24189,650
24192,100
24193,850
24196,-
24197,3500
24201,-
24202,-
24203,250
24204,100
24205,1900
24209,450
24211,700
24212,100
24213,200
24214,100
24215,100
24217,100
24218,100
24219,300
24221,1000
24223,100
24224,100
24226,100
24227,150
24238,100
24239,100
24246,100
24249,350
24250,400
24251,100
24257,250
24261,200
24262,450
24263,400
24268,300
24270,200
24279,200
24280,200
24280,200
24281,350
24282,100
24285,150
24285,150
24286,1900
24291,350
24293,300
24294,300
24295,350
24297,450
24300,300
24301,100
24305,350
24308,-
24310,-
24311,700
24313,600
24315,800
24321,300
24324,-
24329,100
24330,-
24336,100
24338,900
24342,1100
24343,-
24344,800
24345,200
24349,-
24350,400
24352,750
24353,-
24355,200
24357,100
24359,500
24364,250
24367,250
24372,700
24377,250
24378,600
24380,200
24381,850
24384,800
24386,-
24387,-
24388,200
24389,200
24391,300
24392,200
24393,200
24394,200
24395,1000
24396,200
24397,200
24402,200
24403,200
24409,-
24413,-
24414,200
24415,150
24416,200
24417,200
24418,100
24419,150
24420,300
24422,350
24424,200
24425,100
24427,250
24428,450
24429,550
24432,900
24433,550
24439,450
24442,400
24443,250
24444,850
24446,2000
24448,200
24450,300
24452,1600
24454,1500
24456,700
24459,650
24462,1100
24463,400
24464,2000
24466,550
24468,300
24469,300
24470,300
24471,650
24477,150
24481,300
24483,-
24485,600
24486,400
24487,1300
24488,450
24491,-
24494,250
24496,200
24499,-
24501,350
24502,900
24503,2000
24504,2000
24506,300
24507,600
24508,-
24510,100
24511,-
24513,900
24516,500
24517,150
24524,500
24525,1000
24527,300
24528,100
24529,100
24530,800
24531,350
24532,100
24533,2500
24535,100
24537,1000
24543,700
24545,-
24546,-
24547,800
24548,-
24549,100
24553,600
24556,-
24563,500
24564,1000
24565,300
24566,700
24568,700
24570,700
24571,500
24572,500
24573,800
24574,700
24575,1800
24578,-
24580,-
24582,400
24585,-
24586,-
24587,-
24588,-
24590,700
24591,100
24592,100
24594,-
24595,-
24599,400
24601,600
24602,-
24610,470
24612,250
24613,-
24618,250
24620,200
24621,400
24624,400
24628,650
24629,1200
24630,350
24633,500
24635,-
24637,150
24638,800
24643,250
24644,1000
24646,200
24648,650
24649,500
24650,1200
24653,-
24654,1600
24655,450
24656,400
24657,550
24659,-
24662,400
24665,2700
24667,-
24668,600
24669,300
24670,500
24671,250
24673,100
24674,150
24675,250
24678,600
24679,550
24680,400
24681,150
24684,500
24685,350
24688,100
24689,200
24691,300
24694,300
24696,100
24697,500
24698,700
24701,100
24703,200
24704,650
24705,150
24706,250
24714,400
24717,100
24718,100
24719,100
24723,-
24727,1000
24728,250
24730,400
24734,300
24735,1000
24736,150
24737,950
24740,-
24742,100
24746,200
24750,450
24754,500
24755,100
24758,150
24759,200
24760,1100
24765,400
24768,100
24772,400
24775,100
24776,500
24777,100
24778,650
24779,100
24781,900
24782,100
24783,300
24784,300
24792,100
24793,-
24794,500
24796,300
24798,300
24799,200
24800,100
24802,1000
24803,-
24804,150
24805,y  
24808,1000
24810,700
24811,500
24812,-
24815,300
24816,400
24818,200
24819,300
24820,300
24826,500
24827,200
24829,-
24830,1000
24831,300
24832,350
24833,500
24834,500
24835,500
24838,800
24839,1200
24841,200
24843,500
24845,-
24846,-
24851,100
24853,-
24857,-
24859,350
24861,-
24864,500
24865,150
24866,-
24867,300
24869,-
24870,400
24871,-
24874,600
24877,500
24878,600
24879,400
24880,350
24881,4000
24883,-
24884,550
24886,700
24887,600
24890,500
24892,300
24893,-
24896,400
24897,400
24898,500
24900,-
24901,250
24902,600
24903,500
24904,-
24905,700
24909,900
24910,100
24911,-
24913,450
24915,400
24917,1000
24918,-
24919,-
24923,650
24924,400
24929,700
24930,200
24931,200
24932,100
24935,200
24937,250
24938,150
24940,300
24941,200
24942,400
24943,150
24945,400
24947,100
24949,100
24950,200
24951,300
24957,200
24958,400
24959,200
24960,100
24961,150
24962,-
24965,-
24966,250
24971,100
24972,150
24974,100
24977,100
24978,200
24979,250
24980,350
24981,900
24983,100
24984,600
24985,200
24989,-
24990,400
24991,350
24992,250
24993,250
24996,550
24998,800
25009,250
25011,150
25013,300
25014,100
25015,-
25017,150
25018,350
25022,300
25023,100
25025,150
25027,200
25029,500
25037,800
25039,-
25040,300
25044,200
25047,100
25048,-
25051,200
25054,700
25055,300
25057,300
25058,450
25062,650
25063,700
25064,200
25065,200
25066,300
25070,350
25072,300
25078,250
25079,300
25080,-
25081,400
25082,300
25083,500
25084,200
25085,600
25086,500
25091,500
25094,1100
25096,200
25097,150
25098,500
25099,-
25104,200
25105,1200
25108,-
25110,300
25112,-
25114,200
25115,100
25118,500
25119,150
25120,300
25122,300
25127,500
25130,500
25135,-
25137,400
25140,-
25141,850
25143,100
25144,700
25148,400
25149,500
25151,150
25152,100
25154,150
25155,880
25156,200
25157,250
25161,400
25162,100
25163,400
25165,150
25166,350
25172,100
25177,200
25179,350
25181,400
25183,100
25186,200
25187,250
25190,550
25192,-
25194,500
25196,300
25198,250
25199,550
25200,550
25204,400
25206,500
25208,700
25211,200
25212,250
25213,200
25214,700
25215,300
25220,200
25221,-
25222,450
25224,-
25225,-
25226,-
25227,-
25228,300
25229,-
25230,-
25232,400
25233,-
25234,150
25240,150
25241,200
25242,150
25259,150
25262,200
25264,150
25270,150
25282,150
25292,150
25303,150
25306,150
25324,150
25341,150
25350,150
25357,150
25377,400
25378,600
25382,300
25385,800
25386,400
25387,700
25390,450
25396,-
25397,200
25400,150
25401,-
25402,-
25407,200
25408,150
25411,200
25412,750
25415,200
25416,450
25419,200
25420,-
25421,400
25425,-
25429,900
25431,-
25432,150
25433,350
25438,-
25440,250
25442,500
25444,500
25446,200
25447,150
25450,550
25451,600
25452,100
25454,100
25455,200
25456,300
25459,150
25464,-
25466,100
25467,-
25468,-
25469,500
25471,500
25474,400
25475,450
25478,-
25479,200
25481,100
25482,350
25484,-
25487,200
25487,200
25488,150
25489,350
25490,200
25491,100
25492,600
25493,100
25495,300
25497,200
25498,200
25499,-
25501,-
25502,-
25503,500
25505,200
25506,600
25515,-
25516,250
25517,200
25519,350
25520,200
25521,300
25523,400
25524,500
25525,350
25526,400
25527,450
25528,300
25529,400
25530,600
25532,500
25533,-
25534,350
25535,500
25536,-
25537,300
25538,800
25541,200
25544,300
25546,500
25547,150
25548,350
25549,250
25550,700
25551,-
25554,400
25555,400
25556,150
25557,400
25559,300
25560,700
25562,250
25563,600
25567,-
25568,200
25569,200
25570,1400
25573,300
25574,-
25575,-
25579,-
25581,-
25582,-
25583,900
25586,150
25587,1700
25589,-
25590,300
25592,-
25597,650
25601,-
25602,400
25603,-
25604,650
25605,700
25606,500
25607,1000
25608,500
25610,850
25611,500
25612,400
25613,200
25614,2000
25615,1000
25616,600
25617,400
25619,200
25620,350
25622,100
25624,400
25625,300
25627,400
25628,1200
25631,500
25632,400
25633,100
25634,500
25635,150
25637,650
25639,500
25642,300
25643,400
25644,-
25645,400
25648,250
25649,600
25651,200
25652,300
25653,500
25654,800
25655,650
25660,650
25662,300
25663,-
25664,1400
25665,1500
25666,350
25669,750
25670,300
25671,300
25675,350
25679,1000
25684,550
25686,100
25687,450
25688,1600
25689,300
25692,460
25694,350
25695,300
25701,400
25702,900
25705,750
25706,300
25710,800
25711,600
25712,600
25713,350
25714,1700
25715,350
25716,500
25717,1000
25718,1700
25720,250
25722,400
25723,1100
25728,1000
25729,500
25730,150
25731,350
25732,450
25733,400
25734,150
25735,150
25737,750
25738,550
25739,350
25741,150
25742,300
25743,-
25744,250
25745,100
25746,200
25749,800
25750,350
25751,1500
25752,300
25753,300
25754,350
25755,250
25757,150
25760,300
25764,250
25765,450
17980977,550
17983759,450
17983761,400
17983765,200
17983766,100
17983769,200
17983770,700
17983771,800
17983772,500
17983773,300
17983774,350
17983775,500
17983777,200
17983778,300
17983779,100
17983781,300
17983790,200
17983791,200
17983792,350
17983793,500
17983794,200
17983795,500
17983797,550
17983801,2400
17983802,600
17983804,250
17983806,150
17983808,400
17990463,150
18016829,500
18016894,600
18017605,650
18017606,100
18017607,450
18017608,650
18017610,1000
18017611,500
18017612,1200
18017613,150
18017614,850
18017615,1000
18017617,600
18017618,600
18017620,350
18017624,400
18017625,500
18017626,200
18017631,500
18017633,400
18017634,500
18017635,1100
18017636,300
18017640,300
18017643,550
18017644,150
18017649,400
18017650,700
18017651,700
18017652,400
18017655,350
18070779,550
18070781,250
18070784,400
18070786,600
18070787,150
18070794,150
18070796,200
18070806,300
18070807,500
18070812,800
18070814,350
18070816,200
18070820,300
18070826,1500
18087969,500
18107874,150
18125591,200
18128482,400
18128493,200
18128498,200
18128508,200
18128518,200
18128521,200
18128529,400
18128531,400
18128532,300
18128638,150
18133519,-
18134883,450
18134886,150
18134887,600
18134888,650
18134889,150
18134890,300
18134891,450
18134892,700
18134896,700
18134897,750
18134900,100
18134901,150
18134903,700
18134904,150
18134905,400
18134906,450
18134907,700
18134908,650
18134910,800
18134911,150
18134912,600
18134914,400
18134917,-
18134918,650
18134919,350
18134920,600
18134921,200
18134922,350
18134926,700
18134927,500
18136926,100
18143231,650
18143233,500
18143234,350
18143236,400
18143237,400
18143238,100
18143239,100
18143240,300
18143242,300
18143243,300
18143244,300
18143247,200
18143248,300
18143250,400
18143253,300
18143255,500
18143256,700
18143257,200
18143260,200
18143261,150
18143263,700
18143264,250
18143267,400
18143268,800
18143271,250
18143272,300
18143273,300
18143275,350
18143276,300
18143277,250
18143280,400
18146296,350
18146888,300
18153266,100
18159834,100
18161781,200
18162649,700
18162650,350
18162652,700
18162653,300
18162654,400
18162656,600
18162660,600
18162661,-
18162662,400
18162664,100
18162667,500
18162669,250
18162670,500
18162672,800
18162675,250
18162677,600
18162681,400
18162682,150
18162684,600
18162685,200
18162689,650
18162690,500
18162696,750
18162697,250
18166888,300
18166891,500
18166895,600
18166897,650
18166898,400
18166899,150
18166902,600
18166904,700
18166905,250
18166907,-
18166908,350
18166910,500
18166911,300
18166915,300
18166916,400
18166918,500
18166919,200
18166920,600
18166923,700
18166924,550
18166925,700
18166926,900
18166927,300
18166929,800
18166930,250
18166932,400
18166933,300
18166934,300
18166935,1100
18166936,350
18166937,100
18166939,1100
18166940,2000
18168240,250
18171057,600
18175457,300
18175645,550
18178996,250
18198651,1000
18198655,500
18198656,150
18198658,200
18198659,300
18198661,200
18198665,850
18198666,100
18198667,250
18198668,100
18198669,150
18198670,200
18198672,200
18198673,100
18198675,100
18198676,300
18198677,500
18198678,550
18198680,2200
18198682,1000
18198684,400
18198687,200
18198689,300
18198690,-
18198691,200
18198695,1100
18198696,300
18198698,600
18200597,500
18204094,100
18204189,350
18204257,700
18204258,-
18204346,600
18204520,-
18205884,200
18208981,350
18209505,200
18209662,200
18209669,450
18209848,-
18211703,-
18213954,400
18213955,100
18213956,600
18213958,250
18213959,400
18213962,300
18213963,200
18213964,450
18213966,150
18213968,200
18213969,600
18213970,-
18213972,550
18213973,550
18213974,300
18213976,100
18213977,200
18213978,400
18213980,200
18213982,350
18213984,300
18213985,450
18213986,400
18213988,500
18213990,350
18213991,550
18213992,750
18213994,650
18213995,500
18213996,450
18213997,500
18213998,500
18214000,500
18214001,300
18214522,400
18217432,550
18217433,900
18217435,400
18217438,750
18217440,600
18217441,-
18217445,1000
18217447,750
18217449,100
18217454,250
18217455,-
18217456,150
18217457,100
18217458,400
18217460,-
18217462,550
18217463,-
18217465,350
18217466,-
18217467,-
18217468,400
18217470,400
18217471,100
18217474,250
18217475,1800
18217476,600
18217477,-
18217479,250
18217480,1200
18217482,600
18217861,550
18219199,-
18219511,200
18219915,500
18221909,150
18222068,100
18223725,150
18224029,450
18224030,800
18224032,-
18224033,-
18224036,500
18224037,100
18224039,150
18224041,-
18224045,600
18224046,300
18224047,350
18224048,1200
18224049,-
18224053,300
18224054,-
18224056,1300
18224060,200
18224064,-
18224067,650
18224068,400
18224070,-
18224072,1500
18224075,200
18224076,500
18224077,600
18224079,300
18224509,-
18226441,750
18227721,350
18228024,400
18232754,-
18235364,250
18235402,-
18236271,200
18236290,600
18236296,200
18237041,100
18237042,350
18237045,300
18237048,650
18237050,100
18237051,100
18237053,150
18237056,600
18237057,-
18237060,600
18237062,500
18237067,300
18237068,-
18237070,-
18237072,-
18237073,700
18237076,-
18237078,300
18237079,250
18237081,300
18237087,-
18237091,-
18238594,200
18240469,850
18243980,-
18244062,1200
18244156,-
18244432,400
18248980,300
18249137,-
18249140,600
18249141,900
18249142,900
18249143,800
18249144,1500
18249145,-
18249146,250
18249147,400
18249148,1500
18249149,350
18249150,200
18249151,650
18249153,-
18249154,250
18249157,1600
18249158,300
18249161,-
18249162,350
18249164,600
18249166,-
18249167,400
18249169,150
18249170,350
18249171,-
18249172,800
18249173,200
18249174,300
18249176,300
18249177,300
18249179,400
18249180,250
18249182,450
18249183,550
18249185,1200
18249186,100
18249187,200
18249835,300
18249862,-
18250360,900
18250389,-
18251892,100
18251913,250
18252405,400
18253621,350
18253948,400
18254762,-
18256887,250
18256888,250
18259425,700
18259426,600
18259428,-
18259431,300
18259432,100
18259433,400
18259434,-
18259435,400
18259436,400
18259438,400
18259439,250
18259441,200
18259443,250
18259445,450
18259446,-
18259450,500
18259451,200
18259452,650
18259453,-
18259454,500
18259456,350
18259457,300
18259458,650
18259461,400
18259462,1500
18259464,500
18259465,350
18259466,-
18259468,400
18259473,250
18259474,550
18259475,-
18259657,200
18260515,-
18260589,200
18260774,300
18262374,600
18264753,500
18265429,-
18265430,200
18265431,450
18265432,700
18265433,400
18265434,200
18265435,650
18265436,400
18265438,150
18265440,-
18265441,1500
18265442,-
18265443,350
18265444,200
18265446,500
18265447,150
18265449,100
18265451,-
18265452,200
18265453,400
18265454,200
18265458,800
18265460,400
18265462,800
18265463,700
18265466,300
18265468,150
18265470,-
18265475,300
18265477,100
18265479,750
18268611,200
18268622,200
18270212,100
18270213,300
18270215,600
18270216,500
18270217,300
18270221,500
18270223,650
18270224,200
18270225,700
18270227,-
18270228,-
18270230,400
18270231,-
18270232,-
18270233,650
18270234,-
18270235,-
18270238,-
18270240,200
18270241,-
18270243,1000
18270247,1500
18270249,-
18270251,450
18270253,300
18270254,-
18270255,500
18270257,400
18270258,400
18270259,250
18270263,500
18272560,-
18272767,-
18273044,150
18273238,150
18273239,150
18275303,-
18275948,1000
18277612,100
18279529,-
18280458,300
18280624,500
18281704,100
18281708,150
18281709,300
18281711,100
18281712,150
18281714,400
18281716,600
18281717,700
18281718,250
18281722,-
18281723,-
18281724,500
18281725,150
18281727,550
18281728,100
18281729,-
18281730,200
18281731,400
18281733,400
18281734,200
18281736,150
18281737,200
18281738,100
18281739,200
18281741,100
18281742,200
18281743,200
18281745,200
18281746,200
18281753,200
18281754,450
18285055,-
18287232,100
18287233,500
18287235,200
18287237,-
18287239,-
18287242,150
18287245,400
18287247,-
18287248,-
18287249,1000
18287250,500
18287252,-
18287253,550
18287254,200
18287255,-
18287258,100
18287260,250
18287262,350
18287267,300
18287268,850
18287269,300
18287270,600
18287271,600
18287272,1800
18287437,100
18287726,300
18287751,300
18288717,300
18288753,500
18288868,600
18292538,-
18295061,250
18296319,350
18296320,650
18296322,550
18296323,650
18296324,-
18296325,-
18296327,800
18296328,1000
18296329,600
18296330,-
18296332,350
18296335,1000
18296336,1500
18296338,600
18296339,400
18296342,200
18296343,400
18296346,1000
18296347,350
18296348,-
18296350,-
18296352,550
18296354,350
18296356,650
18296357,300
18296360,550
18296361,350
18296363,650
18296364,1600
18296365,1100
18296367,-
18296368,-
18296474,400
18297074,-
18302162,550
18303884,300
18304538,-
18304542,-
18304544,150
18306116,350
18306125,300
18307073,-
18308123,550
18309458,500
18309975,500
18311124,900
18311125,1100
18311126,500
18311127,300
18311128,-
18311129,200
18311131,-
18311132,-
18311133,800
18311134,-
18311137,1000
18311138,-
18311139,-
18311141,250
18311142,700
18311144,y  
18311145,600
18311146,450
18311147,600
18311148,-
18311149,150
18311150,-
18311151,150
18311152,-
18311153,150
18311154,-
18311156,300
18311158,900
18311159,-
18311161,850
18311162,1200
18312670,550
18312870,400
18313062,700
18313663,300
18313977,500
18318768,450
18320016,250
18323157,350
18323211,-
18323213,300
18323595,300
18324535,-
18325046,600
18325131,-
18325237,400
18325239,600
18325241,350
18325242,350
18325243,200
18325245,300
18325246,-
18325247,600
18325249,950
18325252,400
18325253,500
18325254,600
18325255,-
18325256,300
18325258,300
18325259,400
18325260,300
18325263,700
18325264,400
18325265,400
18325267,-
18325268,-
18325271,300
18325274,-
18325275,600
18325277,500
18325279,200
18325280,150
18325281,300
18325284,800
18325286,150
18325287,700
18326097,300
18326430,-
18331280,-
18332684,100
18332692,500
18333361,-
18334323,600
18335557,250
18335908,200
18336163,400
18337428,1200
18337966,200
18337977,300
18338092,500
18339333,200
18339971,-
18342024,500
18342941,600
18343299,-
18343726,300
18343727,600
18343728,1600
18343729,200
18343730,2000
18343731,1200
18343733,650
18343734,300
18343736,150
18343737,250
18343738,400
18343740,400
18343741,-
18343742,150
18343747,-
18343748,500
18343749,500
18343750,2100
18343751,-
18343752,150
18343753,400
18343756,1450
18343757,-
18343758,-
18343760,250
18343761,800
18343762,1000
18343763,200
18343765,1200
18343766,300
18343767,400
18343768,700
18343770,1200
18343771,300
18343772,1200
18343773,100
18343774,800
18343842,-
18345386,350
18345806,100
18346380,-
18346669,500
18347574,200
18347798,600
18349042,400
18350427,400
18350472,200
18350475,600
18350794,-
18350912,250
18351506,800
18352364,100
18352365,100
18353541,-
18354073,400
18354116,500
18354226,700
18354333,-
18354568,250
18354569,1200
18354570,1200
18354572,-
18354573,-
18354574,1200
18354576,800
18354578,600
18354579,-
18354580,100
18354581,200
18354582,150
18354584,1200
18354585,700
18354589,300
18354590,500
18354591,1200
18354592,-
18354594,800
18354595,400
18354597,750
18354598,-
18354600,450
18354602,1000
18354604,-
18354606,300
18354609,200
18354612,1000
18354616,600
18355418,400
18355597,400
18355723,300
18356347,700
18356657,-
18356835,600
18357460,-
18357960,300
18359365,600
18360309,100
18360342,200
18361129,100
18361630,400
18361634,-
18361635,550
18361637,-
18361640,400
18361641,1000
18361643,1000
18361646,200
18361648,-
18361649,-
18361652,200
18361653,350
18361654,300
18361655,250
18361656,800
18361657,800
18361659,300
18361660,300
18361661,300
18361663,200
18361664,-
18361665,600
18361666,-
18361667,1500
18361668,600
18361670,250
18361673,150
18361674,550
18361676,300
18361677,-
18361680,700
18361682,300
18361683,400
18361684,-
18361707,-
18361836,-
18362285,-
18366483,400
18366776,-
18366914,700
18367236,400
18367247,600
18368644,500
18368645,100
18368647,400
18368648,-
18368649,-
18368650,400
18368651,600
18368652,1500
18368653,600
18368654,-
18368656,500
18368658,950
18368660,1500
18368662,1500
18368663,350
18368664,1200
18368665,300
18368666,400
18368667,850
18368668,800
18368669,600
18368671,500
18368673,450
18368675,-
18368676,300
18368680,-
18368682,400
18368684,400
18368687,300
18368688,-
18368689,600
18368690,400
18368691,400
18368692,-
18368693,200
18369802,250
18369928,-
18370526,-
18373045,-
18376123,600
18377067,-
18377068,-
18377069,-
18377070,100
18377072,150
18377073,600
18377074,400
18377075,200
18377076,700
18377077,-
18377080,-
18377084,-
18377085,800
18377086,-
18377087,1000
18377088,600
18377089,1000
18377090,500
18377091,600
18377092,500
18377093,1000
18377094,400
18377096,1000
18377097,250
18377098,450
18377099,500
18377100,700
18377101,300
18377102,600
18377103,300
18377104,700
18377106,700
18377107,800
18377108,500
18377109,550
18377110,300
18377111,400
18377112,1000
18377114,300
18377116,500
18377148,-
18377377,500
18377431,-
18377634,-
18378565,-
18380248,-
18380525,700
18381699,250
18382554,400
18382557,400
18382567,550
18382762,1000
18382915,300
18383040,500
18384385,700
18385350,500
18385536,400
18386142,-
18386208,150
18386348,250
18386440,600
18386743,250
18386775,-
18386777,600
18386779,200
18386780,-
18386781,400
18386783,1200
18386787,450
18386788,300
18386789,300
18386790,500
18386791,800
18386792,500
18386793,400
18386794,600
18386795,300
18386796,200
18386798,250
18386799,500
18386801,200
18386802,-
18386804,-
18386805,600
18386806,-
18386807,400
18386809,600
18386810,-
18386811,500
18386813,200
18386814,600
18386815,200
18386817,600
18386818,500
18386820,750
18386821,550
18386825,600
18386974,800
18388058,600
18388188,-
18388271,-
18388305,400
18388748,-
18388927,300
18390347,-
18390677,500
18390881,-
18390916,550
18391272,500
18391315,900
18391595,-
18391610,400
18391859,200
18393385,-
18393395,-
18393858,-
18393918,700
18393919,300
18395075,-
18395405,200
18395475,-
18395957,350
18396940,250
18398376,400
18398850,400
18398852,-
18398853,350
18398854,600
18398855,-
18398856,1300
18398857,200
18398859,-
18398860,1000
18398861,200
18398862,350
18398863,-
18398864,500
18398865,y  
18398868,400
18398871,500
18398872,1400
18398873,500
18398876,100
18398877,1200
18398879,900
18398880,3000
18398881,-
18398882,800
18398883,400
18398884,-
18398885,200
18398886,-
18398887,800
18398888,-
18398889,300
18398890,-
18398891,150
18398892,500
18398893,-
18398894,500
18398895,450
18398896,-
18398898,800
18403759,400
18404203,400
18409869,-
18411061,300
18411573,200
18411976,-
18412699,200
18413748,300
18413838,-
18413921,300
18414392,300
18414394,300
18414395,-
18414396,400
18414399,-
18414400,800
18414401,300
18414402,600
18414404,-
18414406,250
18414408,-
18414409,400
18414412,-
18414413,-
18414414,500
18414415,600
18414419,250
18414421,-
18414422,650
18414423,-
18414424,-
18414425,-
18414426,-
18414427,200
18414428,500
18414429,-
18414431,-
18414432,-
18414433,250
18414435,-
18414437,700
18414438,150
18414440,1800
18414441,150
18415465,300
18416937,300
18420362,3000
18420363,100
18420364,2700
18420366,800
18420367,100
18420368,200
18420369,400
18420370,2000
18420373,250
18420375,-
18420376,200
18420377,800
18420386,-
18420387,-
18420388,150
18420389,-
18420391,500
18420392,1000
18420394,400
18420396,1500
18420397,-
18420398,300
18420399,300
18420402,-
18420404,400
18420404,400
18420406,350
18420407,-
18420409,300
18420410,750
18420411,-
18420412,200
18420472,-
18420473,-
18420474,300
18420475,300
18420476,300
18420477,500
18420478,800
18420479,800
18420480,300
18420482,700
18420483,150
18420484,600
18420485,600
18420486,700
18420488,200
18420490,1000
18420491,200
18420492,200
18420494,500
18420495,350
18420496,200
18420497,150
18420500,600
18420501,400
18420502,500
18420503,250
18420505,100
18420506,250
18420507,600
18420508,-
18420509,300
18420510,600
18420511,500
18420512,250
18420513,400
18420514,200
18420516,300
18420517,700
18420518,800
18420520,-
18420521,-
18420522,900
18421872,-
18423241,600
18423742,850
18424094,400
18424713,600
18424851,-
18428519,800
18428533,450
18429054,150
18429057,300
18429596,700
18430676,500
18431051,400
18431075,-
18431332,400
18431442,400
18431445,-
18431447,600
18431448,150
18431449,150
18431450,550
18431451,350
18431452,350
18431454,-
18431455,-
18431456,650
18431460,200
18431462,350
18431464,300
18431467,300
18431469,-
18431470,300
18431471,3500
18431472,600
18431473,300
18431474,400
18431475,600
18431476,600
18431477,400
18431478,400
18431479,600
18431480,100
18431481,1600
18431483,100
18431484,300
18431485,500
18431486,300
18431488,400
18431489,400
18431490,250
18431491,-
18431893,500
18432040,600
18432060,300
18432176,400
18432651,200
18433213,300
18433224,200
18433305,-
18433917,-
18435019,350
18435367,400
18435840,250
18436768,800
18437641,300
18439371,350
18439471,300
18439723,350
18440197,900
18440199,80 fo
18440200,150
18440201,80 fo
18440202,400
18440203,300
18440204,2100
18440205,150
18440207,850
18440209,200
18440212,800
18440215,-
18440218,-
18440219,200
18440220,350
18440223,-
18440224,-
18440226,400
18440228,600
18440229,300
18440234,100
18440235,400
18440236,700
18440237,600
18440238,300
18440239,500
18440240,400
18440243,500
18440244,800
18440246,400
18440247,-
18440514,500
18440779,-
18440908,350
18441018,100
18441312,250
18441464,400
18443214,600
18443230,200
18444378,100
18444746,600
18444746,600
18444964,200
18446882,200
18447220,-
18447690,100
18448389,300
18448930,-
18449027,400
18449275,300
18449529,400
18450779,400
18450783,-
18450993,300
18451105,180
18451807,400
18452190,250
18452192,300
18452193,400
18452196,400
18452198,200
18452199,-
18452200,300
18452201,1000
18452202,300
18452203,100
18452204,100
18452205,500
18452207,500
18452208,250
18452210,600
18452212,200
18452213,400
18452214,300
18452215,250
18452217,250
18452218,200
18452219,550
18452220,400
18452221,-
18452222,300
18452223,350
18452224,250
18452225,700
18452226,100
18452227,500
18452228,-
18452229,700
18452230,-
18452231,550
18452232,700
18452234,400
18452235,200
18452236,-
18452237,-
18452239,300
18453410,100
18453574,200
18456154,250
18456383,200
18457102,300
18458033,350
18459671,400
18460690,300
18461726,250
18461727,300
18461728,-
18461730,250
18461731,-
18461732,200
18461734,250
18461736,250
18461737,400
18461738,3300
18461739,500
18461741,300
18461742,200
18461745,300
18461746,1700
18461747,500
18461748,700
18461749,600
18461750,800
18461753,650
18461755,500
18461757,400
18461759,300
18461760,300
18461763,300
18461764,800
18461765,600
18461767,300
18461768,600
18461771,300
18461772,200
18461773,250
18462075,300
18462230,400
18462847,500
18463798,350
18465190,300
18465806,200
18465992,250
18466983,300
18467373,300
18468792,300
18468900,150
18469375,400
18469577,600
18471492,400
18471907,1500
18471908,300
18471909,1250
18471910,300
18471911,450
18471912,-
18471913,400
18471915,400
18471920,650
18471921,300
18471922,200
18471923,1000
18471924,800
18471925,500
18471926,400
18471927,-
18471929,300
18471934,500
18471936,1100
18471937,1000
18471938,400
18471939,400
18471939,400
18471940,900
18471941,700
18471944,300
18471945,1200
18471946,400
18471947,400
18471948,800
18471950,250
18471951,500
18471952,250
18471953,700
18471954,600
18471955,1000
18471957,100
18473100,300
18473784,300
18474097,700
18474128,200
18474224,500
18474358,200
18475532,450
18476619,600
18478577,300
18478867,300
18480395,550
18481377,300
18481383,150
18482441,400
18485690,500
18485829,400
18485913,500
18486941,500
18487799,70 fo
18487860,500
18488192,350
18491134,400
18498123,400
18498749,750
18498750,-
18498751,200
18498753,600
18498754,150
18498756,450
18498757,300
18498763,500
18498765,750
18498768,300
18498769,500
18498770,300
18498771,300
18498772,350
18498773,600
18498776,500
18498783,1000
18498788,500
18502671,800
18503518,500
18503564,300
18504401,400
18504493,350
18504556,300
18505376,600
18508674,300
18508810,600
18509324,150
18509338,1200
18509406,800
18509414,700
18509829,350
18509845,500
18509895,300
18510214,400
18510284,300
18510404,600
18510412,400
18510531,300
18510607,400
18510753,500
18510854,250
18510856,250
18510859,250
18511563,400
18511934,450
18512228,500
18512349,500
18512952,1800
18512962,800
18513005,150
18513817,700
18513905,500
18513923,350
18514277,750
18514281,600
18514653,300
18514710,400
18514759,400
18514930,300
18514977,250
18514985,300
18514988,150
18515000,300
18515105,250
18515237,350
18515276,250
18516122,500
18516456,500
18516866,400
18517553,300
18517731,200
18517760,200
18518243,350
18518428,700
18518888,700
18518984,200
18519014,650
18519249,250
18519567,400
18519595,350
18519912,350
18520253,650
18520279,300
18520568,800
18520585,500
18520710,250
18520741,250
18520830,500
18520896,400
18521187,600
18521483,500
18521495,400
18521504,600
18521505,500
18521506,300
18521507,250
18521508,200
18521670,150
18521700,300
18521701,500
18521702,600
18521898,300
18521905,300
18523114,300
18523370,300
18523770,550
18523987,300
18524115,250
18524509,400
18524564,300
18524615,300
18524724,200
18524760,650
18524822,400
18524947,300
18525154,400
18525469,200
18525472,700
18525567,800
18525603,600
18525753,500
18525759,400
18525783,400
18526068,300
18526274,300
18526315,450
18527080,500
18527485,800
18527840,600
18527892,350
18528063,800
18528395,500
18528443,300
18528454,300
18528537,350
18528639,200
18528732,600
18528763,300
18529147,600
18529210,300
18529613,300
18529675,300
18529885,300
18529935,250
18530158,600
18530236,400
18530611,1000
18530757,500
18531167,550
18531241,550
18531788,500
18532379,400
18532436,800
18532709,600
18533355,400
18533426,350
18533654,300
18533930,1500
18533974,300
18534582,600
18534682,650
18534914,300
18534922,300
18534926,300
18535024,400
18535156,300
18535367,500
18535406,800
18535409,200
18535413,300
18535416,600
18535423,500
18535426,200
18535430,600
18535732,200
18535839,600
18536327,250
18536349,200
18536377,600
18536517,600
18536551,450
18536650,500
18536701,300
18536743,500
18536803,250
18536994,500
18536995,300
18537027,400
18537236,500
18537279,450
18537281,300
18537284,300
18537286,400
18537289,500
18537290,600
18537292,400
18537298,500
18537301,200
18537302,400
18537304,200
18537305,200
18537306,400
18537307,300
18537313,200
18537503,200
18537532,600
18537542,300
18537571,300
18537573,600
18537574,200
18537622,500
18537638,500
18537760,500
18537894,350
18538536,1000
18538648,250
18538980,300
18539067,300
18539139,400
18539685,150
18539831,150
18540201,200
18540294,300
18540444,350
18540453,400
18540454,350
18540729,700
18540743,250
18540745,400
18541094,500
18541106,600
18541114,400
18541230,300
18541626,300
18541976,100
18542054,400
18542106,300
18542330,500
18542726,200
18542756,800
18542815,200
18542818,300
18542999,500
18543324,400
18543580,300
18543636,400
18543786,500
18544030,700
18544134,150
18544137,150
18544139,1200
18544210,300
18544540,400
18544629,400
18544952,350
18544961,500
18544969,200
18544983,700
18545062,400
18545104,300
18545496,650
18545499,200
18545652,400
18545777,400
18545866,400
18545888,400
18545953,500
18546015,250
18546232,400
18546278,200
18546279,150
18546403,300
18546679,200
18546706,250
18547289,200
18547335,200
18547354,400
18547511,300
18547657,200
18548091,150
18548222,150
18548371,300
18548418,300
18548445,400
18548456,300
18548560,500
18548910,200
18548929,300
18549340,300
18549382,300
18549392,150
18549446,500
18549460,300
18549471,400
18549730,350
18549825,700
18549851,200
18549983,200
18550327,400
18550436,200
18550527,300
18550955,400
18551164,400
18551170,250
18551253,700
18551391,350
18551403,150
18551519,200
18551864,900
18552157,250
18552332,300
18552342,300
18552349,100
18552355,250
18552357,300
18552443,600
18552457,150
18552459,250
18552606,100
18552608,500
18552696,550
18552699,600
18552708,200
18552750,500
18552859,500
18553001,300
18553035,400
18553340,300
18553341,700
18553379,400
18553397,300
18553406,200
18553457,250
18553533,400
18553605,200
18553656,200
18553657,300
18553667,400
18553674,300
18553801,200
18554347,300
18554363,400
18554419,100
18554589,400
18554602,600
18554631,200
18554700,600
18554912,400
18555055,300
18555057,400
18555373,1000
18555480,300
18555804,550
18555937,350
18556142,400
18556273,300
18556283,y  
18556283,y  
18556439,400
18556490,1000
18556674,500
18556676,300
18557439,200
18557505,900
18557517,250
18557518,500
18557523,400
18557588,400
18557765,800
18557884,400
18557935,250
18557968,200
18558294,1000
18558592,500
18558610,700
18558619,150
18558787,300
18558819,300
18558856,500
18559051,200
18559077,300
18559096,500
18559166,500
18559240,500
18559244,460
18559245,450
18559248,300
18559253,500
18559266,500
18559333,600
18559349,500
18559831,400
18559854,400
18560522,300
18560705,300
18560706,300
18560739,400
18560756,200
18560765,450
18560811,400
18560889,100
18560892,500
18560895,500
18561157,600
18561158,600
18561423,1000
18561496,400
18561866,600
18561885,350
18561927,500
18561959,200
18561999,450
18562024,300
18562244,350
18562283,150
18562297,300
18562303,300
18562304,450
18562310,450
18562312,550
18562328,500
18562391,400
18562393,350
18562395,450
18562413,400
18562441,300
18562465,600
18562482,200
18562618,350
18562765,400
18562944,400
18563061,400
18563299,1000
18563310,300
18563500,300
18563784,300
18563891,1000
18564289,500
18564428,200
18564611,500
18564619,150
18564771,650
18565249,500
18565303,150
18565322,500
18565339,400
18565438,400
18565610,500
18565683,400
18565713,400
18565728,500
18565786,700
18565897,400
18565903,300
18565951,300
18565963,300
18565969,150
18565981,400
18566340,700
18566440,200
18566609,500
18566612,500
18566693,400
18566717,200
18566719,150
18566720,500
18566795,350
18566808,700
18566836,300
18566841,350
18566862,150
18566872,300
18566891,400
18566895,250
18566905,400
18567081,500
18567149,350
18567163,100
18567240,500
18567741,600
18567803,350
18567935,500
18567940,1600
18568349,400
18568355,300
18568387,150
18568489,500
18568514,400
18568516,250
18568762,1500
18568778,700
18568778,700
18568825,200
18568837,250
18568872,450
18568880,500
18568960,400
18569108,200
18569209,1000
18569464,400
18569467,300
18569492,600
18569495,300
18569510,500
18569884,350
18569901,300
18569905,250
18569973,600
18570003,800
18570078,150
18570157,300
18570279,100
18570337,400
18570352,250
18570376,600
18570396,500
18570407,500
18570475,350
18570555,250
18570558,200
18570562,150
18570646,400
18570707,300
18570758,350
18570866,400
18570868,450
18570871,250
18571000,800
18571071,500
18571320,250
18571623,600
18571702,300
18571713,600
18571717,300
18571782,600
18571849,100
18571937,500
18572147,600
18572652,400
18572683,500
18572855,500
18572855,500
18572857,250
18573023,400
18573062,600
18573069,300
18573215,500
18573257,400
18573285,200
18573293,600
18573295,250
18573298,500
18573377,500
18573744,550
18573768,500
18573802,300
18573826,200
18573839,400
18573899,100
18573918,250
18573944,600
18574128,200
18574138,300
18574144,200
18574162,300
18574172,150
18574284,350
18574336,400
18574341,250
18574357,800
18574359,1100
18574673,350
18574863,400
18575123,250
18575124,250
18575194,500
18575300,600
18575423,500
18575564,600
18575634,400
18575757,600
18575793,400
18575817,500
18575874,300
18575897,550
18575913,200
18575917,600
18575918,400
18575984,500
18576037,200
18576068,1100
18576643,600
18576709,200
18576729,200
18576922,500
18577022,250
18577108,1500
18577170,400
18577248,700
18577276,500
18577279,450
18577285,600
18577440,400
18577708,250
18577767,200
18577813,400
18577909,600
18577956,150
18578162,400
18578167,400
18578169,400
18578170,600
18578173,150
18578307,500
18578419,400
18578450,500
18578452,150
18578568,600
18578583,250
18578626,500
18578709,600
18578772,700
18578777,450
18578867,200
18578957,250
18578967,500
18578990,300
18579009,100
18579388,450
18579397,300
18579422,400
18579439,400
18579452,350
18579453,200
18579540,450
18579563,300
18579803,700
18579839,300
18580225,200
18580253,500
18580445,400
18580479,300
18580600,400
18580693,300
18580990,400
18580991,300
18581050,300
18581299,400
18581420,500
18581445,450
18581566,700
18581569,500
18581591,400
18581816,4200
18581974,200
18582227,400
18582332,600
18582439,500
18582440,400
18582508,400
18582856,400
18582913,500
18583338,500
18583378,600
18583523,400
18583810,350
18583950,700
18583956,600
18583957,400
18583980,350
18584054,700
18584101,300
18585118,400
18585244,600
18585273,500
18585440,400
18585459,400
18585750,400
18585890,600
18586100,400
18586437,300
18586472,300
18586524,400
18586622,550
18586699,100
18586738,400
18586898,600
18586934,400
18587133,400
18587331,600
18587450,400
18587516,400
18587856,500
18588048,400
18588070,300
18588165,450
18588330,300
18588899,400
18589156,400
18589175,900
18589389,1000
18589399,400
18589513,200
18589546,200
18589676,400
18589709,300
18589849,600
18589886,150
18589903,500
18589905,850
18590077,400
18590104,300
18590135,500
18590249,250
18590384,800
18590402,400
18590741,400
18590941,180
18590959,-
18590968,y  
18590972,250
18590974,400
18590984,150
18591023,400
18591029,300
18591036,-
18591112,500
18591122,600
18591132,300
18591167,400
18591263,400
18591282,400
18591286,1000
18591299,500
18591343,700
18591595,700
18591955,400
18592304,300
18592451,300
18592500,700
18592693,300
18593361,600
18593368,500
18593406,400
18593481,300
18593549,250
18593598,600
18593737,500
18593812,200
18593946,600
18593956,200
18594282,100
18594423,400
18594497,200
18594601,300
18594643,200
18594880,200
18595015,200
18595401,1600
18595653,600
18595813,500
18596028,400
18596318,500
18596345,200
18596358,350
18596483,600
18596506,400
18596814,450
18596819,1000
18596990,500
18597371,300
18597399,800
18597456,400
18597664,350
18597747,300
18597883,200
18597922,350
18598087,200
18598188,200
18598252,600
18598552,400
18598556,550
18598784,300
18599037,300
18599376,200
18599578,1200
18599727,500
18599747,800
18599796,400
18600007,300
18600667,500
18601015,300
18601041,200
18601115,400
18601439,300
18601494,300
18601638,300
18601659,500
18601721,200
18601971,300
18602027,500
18602470,400
18602538,450
18602636,400
18602896,700
18602914,300
18603005,150
18603011,500
18603067,400
18603257,500
18603301,200
18603371,300
18603432,500
18603696,800
18603757,2000
18603862,400
18603977,300
18604272,600
18604279,400
18604287,500
18604408,3000
18604679,450
18604711,700
18604720,500
18604731,600
18604743,600
18604809,600
18605615,300
18605700,300
18605784,300
18605798,800
18605805,700
18606331,600
18606374,400
18606506,500
18606738,200
18607091,400
18607099,200
18607141,700
18607297,800
18607310,500
18607352,500
18607400,500
18607493,600
18607505,300
18607673,300
18607727,800
18607773,500
18607825,700
18608241,250
18608527,700
18608656,300
18608704,800
18608893,300
18608910,200
18609183,200
18609188,250
18609225,400
18609318,300
18609409,300
18609413,300
18609606,400
18609609,300
18609640,200
18609714,700
18610224,200
18610240,200
18610300,600
18610314,200
18610326,200
18610329,300
18610332,300
18610413,400
18610437,200
18610472,150
18610554,400
18610732,400
18610849,300
18610904,1500
18610913,300
18610970,300
18611063,400
18611127,400
18611277,400
18611587,400
18611646,1000
18611657,350
18611725,350
18611737,600
18611764,300
18611883,300
18611900,200
18611979,400
18611981,400
18611999,500
18612052,400
18612055,500
18612213,300
18612382,400
18612597,250
18612623,400
18612932,300
18612992,600
18613018,100
18613221,200
18613311,350
18613421,200
18613454,300
18613566,500
18613644,400
18613671,350
18613698,200
18613726,300
18613759,150
18613784,250
18613789,300
18613794,300
18613820,400
18613858,300
18614165,400
18614457,500
18614490,200
18614682,600
18614698,500
18614757,400
18614781,500
18614856,250
18614885,300
18614945,450
18615143,500
18615203,400
18615290,300
18615294,300
18615398,300
18615410,300
18616066,400
18616073,150
18616076,300
18616157,600
18616500,300
18616725,600
18616734,400
18616850,300
18616942,200
18616964,300
18616978,300
18617081,300
18617115,350
18617266,250
18617390,250
18617399,300
18617432,400
18617440,200
18617485,500
18617486,300
18617500,400
18617631,800
18617704,300
18617768,1800
18617771,2500
18617781,300
18617895,200
18617979,250
18618008,500
18618014,300
18618043,400
18618046,400
18618047,500
18618356,200
18618364,500
18618445,250
18618484,350
18618760,400
18618764,400
18618766,400
18618769,400
18618771,400
18618782,400
18618788,400
18618797,600
18618852,400
18618872,300
18618928,400
18618940,400
18618972,300
18618976,350
18619009,300
18619172,300
18619221,200
18619357,300
18619784,200
18619819,300
18619820,300
18619821,300
18619896,400
18620354,500
18620365,1600
18620583,300
18620647,400
18620781,500
18620800,400
18620886,500
18620899,600
18620949,200
18620963,400
18621013,400
18621251,550
18621304,200
18621368,450
18621410,200
18621417,350
18621423,450
18621453,150
18621467,150
18621468,300
18621470,200
18621483,1000
18621730,300
18621741,550
18621753,500
18621858,700
18621993,400
18622020,200
18622029,200
18622051,300
18622205,400
18622374,200
18622472,100
18622787,300
18622833,500
18622879,300
18622880,200
18622893,200
18623439,300
18623450,500
18623780,200
18623890,200
18623944,300
18624019,300
18624044,600
18624278,300
18625049,400
18625066,1000
18625236,400
18625245,250
18625264,300
18625355,1500
18625438,350
18625458,500
18625485,250
18625538,900
18625588,150
18625729,200
18625762,600
18625805,400
18625819,1200
18626020,500
18626087,400
18626202,300
18626288,200
18626345,300
18626457,300
18626469,200
18626471,300
18626516,700
18626516,700
18626655,300
18626946,500
18627029,200
18627034,200
18627036,200
18627187,200
18627193,300
18627219,300
18627471,900
18627731,300
18628041,150
18628269,500
18628500,200
18628861,100
18628862,300
18628915,850
18629223,100
18629319,500
18629327,200
18629393,400
18629488,250
18629494,250
18629544,250
18629717,400
18629781,500
18630262,300
18630267,300
18630287,200
18630948,700
18631001,800
18631045,300
18631073,350
18631126,300
18631245,250
18631282,200
18631293,500
18631306,1000
18631379,250
18631574,400
18631597,300
18631650,550
18631728,250
18631948,400
18632091,150
18632291,500
18632335,200
18632409,1000
18632463,300
18632465,300
18632490,250
18632542,300
18632589,400
18632696,1600
18632854,150
18632897,400
18632911,500
18633116,500
18633177,500
18633232,300
18633300,300
18633302,350
18633325,300
18633338,600
18633448,400
18633479,100
18633540,300
18634093,500
18634154,250
18634264,250
18634305,300
18634403,350
18634412,200
18634697,250
18634729,1000
18635097,250
18635274,200
18635376,100
18635431,400
18635576,250
18635606,300
18635821,500
18635867,400
18635982,200
18636008,250
18636294,500
18636301,300
18636345,300
18636402,300
18636406,300
18636446,200
18636586,300
18636619,900
18636627,300
18636656,300
18636903,600
18636954,300
18636967,250
18637005,250
18637085,200
18637211,500
18637460,100
18637773,300
18637943,700
18637960,500
18637964,250
18638025,1200
18638060,350
18638181,600
18638289,250
18638364,500
18638374,250
18638380,150
18638385,350
18638389,350
18638412,1350
18638445,1800
18638460,300
18638521,400
18638524,550
18638525,350
18638528,1350
18638624,550
18638982,350
18639048,400
18639146,200
18639406,800
18639436,250
18639443,200
18639514,300
18639558,350
18639697,300
18639992,250
18640015,350
18640065,400
18640144,350
18640313,700
18640335,350
18640355,750
18640389,250
18640435,250
18640873,300
18640886,400
18640949,250
18641099,150
18641137,300
18641160,250
18641162,200
18641165,200
18641168,300
18641174,250
18641217,250
18641222,600
18641228,200
18641265,300
18641269,400
18641310,250
18641379,500
18641394,1350
18641608,250
18641748,500
18642183,250
18642234,200
18642377,400
18642378,500
18642467,250
18642631,200
18642637,300
18642638,300
18642657,250
18642705,250
18642818,200
18642905,250
18642931,400
18643181,300
18643377,250
18643392,200
18643559,200
18643563,700
18643612,300
18643619,600
18643622,400
18643623,350
18643935,150
18643945,450
18644088,300
18644144,450
18644306,150
18644382,200
18644447,200
18644505,700
18644821,100
18644958,300
18644967,600
18644969,400
18645066,300
18645096,350
18645113,350
18645196,250
18645201,250
18645253,450
18645287,400
18645748,250
18645754,150
18645768,500
18646019,350
18646083,500
18646422,400
18646591,150
18646706,300
18646725,500
18647082,200
18647304,800
18647333,600
18647337,100
18647585,250
18647657,200
18648001,600
18648030,200
18648108,300
18648124,600
18648178,800
18648340,700
18648448,400
18648450,250
18648460,300
18648478,400
18648525,400
18648545,1200
18648968,700
18649307,400
18649314,300
18649327,100
18649354,200
18649369,200
18649526,400
18649588,300
18649645,600
18649902,250
18649935,700
18649948,400
18649952,200
18649957,800
18649961,250
18649970,300
18649975,200
18649981,350
18649984,300
18650066,400
18650200,2000
18650226,400
18650240,500
18650723,400
18650731,400
18650798,700
18650801,700
18650875,200
18650901,300
18650974,250
18650992,450
18651145,500
18651305,250
18651309,450
18651329,200
18651393,200
18651445,236
18651487,250
18651857,300
18651943,800
18652047,450
18652048,200
18652071,500
18652209,600
18652268,500
18652321,300
18652336,250
18652396,500
18652712,400
18652941,250
18653073,200
18653074,250
18653144,250
18653160,300
18653161,300
18653169,300
18653485,200
18653686,250
18653844,200
18653847,200
18653854,550
18653958,1500
18653975,400
18654394,500
18654712,300
18654731,200
18654741,400
18654906,200
18654950,300
18655187,300
18655232,400
18655334,300
18655398,400
18655486,750
18655492,1100
18655505,300
18655555,200
18655558,300
18655568,200
18655594,250
18655631,350
18655714,400
18655734,400
18655739,300
18655740,300
18655741,600
18655783,250
18655788,300
18656596,400
18656597,400
18656701,250
18656716,200
18656862,300
18657099,600
18657106,400
18657121,300
18657233,200
18657254,400
18657273,800
18657301,350
18657337,450
18657542,200
18657603,400
18657639,300
18657680,200
18657705,200
18657827,800
18657883,200
18657924,700
18657954,400
18658057,200
18658080,100
18658212,100
18658296,250
18658319,250
18658326,250
18658405,1600
18658528,350
18658571,750
18658959,300
18659146,200
18659436,300
18659445,500
18659609,250
18659636,200
18659663,400
18659673,400
18659674,500
18659944,500
18660415,300
18660416,700
18660426,300
18660462,400
18660470,450
18660574,300
18660611,150
18660626,700
18660631,450
18660731,400
18660738,300
18660809,300
18661007,700
18661112,250
18661157,300
18661429,200
18661595,300
18661637,450
18661703,200
18661806,500
18661845,900
18662066,300
18662087,500
18662137,450
18662171,300
18662181,500
18662186,400
18662193,350
18662284,100
18662306,1100
18662489,500
18662575,500
18662604,500
18662725,150
18662812,250
18662980,450
18663023,600
18663049,300
18663056,300
18663064,250
18663101,200
18663107,250
18663115,400
18663116,200
18663144,550
18663166,300
18663639,300
18663653,300
18663727,500
18664129,200
18664259,300
18664278,300
18664320,350
18664324,800
18664401,600
18664405,450
18664409,250
18664425,1000
18664534,800
18664640,250
18664642,250
18664764,250
18664832,150
18664903,250
18664953,200
18664987,350
18665024,150
18665028,300
18665212,1200
18665215,400
18665221,400
18665237,600
18665242,700
18665250,350
18665479,300
18665495,450
18665508,100
18665581,100
18665687,600
18665729,450
18665754,350
18665798,250
18665865,300
18665868,150
18665899,450
18665933,350
18666121,100
18666148,1000
18666575,300
18666735,150
18666746,100
18666761,200
18666897,500
18666899,500
18666902,500
18667096,500
18667114,150
18667181,250
18667216,350
18667485,200
18667493,200
18667528,300
18667578,200
18667613,300
18667631,250
18667749,200
18667760,150
18667761,250
18667862,400
18667924,200
18668118,300
18668360,250
18668431,550
18668439,500
18668494,300
18668562,1200
18668579,400
18668613,500
18668871,1000
18668906,300
18668945,100
18668948,400
18668952,300
18668958,250
18668964,150
18668975,400
18668977,450
18668993,200
18669000,150
18669004,500
18669005,350
18669009,350
18669030,500
18669036,650
18669040,300
18669047,50 fo
18669077,400
18669142,250
18669260,200
18669279,200
18669762,300
18669787,200
18669788,200
18669789,300
18669811,200
18670030,600
18670129,250
18670245,500
18670334,400
18670342,200
18670352,200
18670361,500
18670365,500
18670378,250
18670430,300
18670491,120
18670492,300
18670493,350
18670502,250
18670522,350
18670546,200
18670612,200
18670615,150
18670741,300
18670744,300
18670746,300
18670821,250
18670843,300
18670875,600
18670883,500
18670888,1000
18670910,350
18670923,800
18670930,250
18670937,300
18670946,250
18670971,150
18671046,250
18671048,200
18671053,800
18671073,200
18671178,200
18671235,400
18671271,250
18671286,100
18671351,150
18671368,300
18671403,300
18671453,800
18671465,300
18671483,300
18671505,300
18671507,300
18671508,500
18671601,200
18671602,200
18671607,150
18672009,350
18672013,350
18672020,450
18672054,1000
18672291,151
18672317,250
18672408,300
18672415,600
18672426,700
18672438,100
18672443,300
18672515,500
18672520,300
18672651,300
18673121,200
18673232,200
18673421,600
18673425,450
18673507,450
18673515,700
18673524,300
18673556,600
18673575,550
18673638,300
18673778,200
18673825,450
18674019,300
18674102,300
18674302,300
18674307,300
18674520,250
18674580,500
18674912,300
18674932,150
18675102,600
18675179,300
18675195,300
18675196,200
18675205,300
18675211,300
18675214,350
18675231,400
18675258,200
18675794,350
18675803,350
18675827,400
18675851,200
18675852,1000
18675860,800
18675868,300
18675893,300
18675917,500
18675918,200
18676001,200
18676003,300
18676196,400
18676231,800
18676386,400
18676394,1100
18676405,1000
18676415,200
18676417,400
18676420,400
18676425,400
18676433,400
18676437,400
18676441,400
18676542,800
18676613,300
18676779,250
18676809,200
18676898,500
18677056,300
18677095,300
18677099,1250
18677100,200
18677113,200
18677119,300
18677155,900
18677225,150
18677273,250
18677335,500
18677428,550
18677553,500
18677555,200
18677578,400
18677746,500
18677762,200
18677763,300
18677768,200
18677779,200
18677971,200
18678059,400
18678145,350
18678396,300
18678404,300
18678463,1400
18678558,350
18678573,350
18678655,250
18678695,300
18678733,200
18678861,350
18678870,300
18678896,200
18679045,300
18679093,200
18679104,200
18679150,250
18679189,100
18679199,500
18679232,300
18679298,250
18679481,500
18679532,800
18679597,400
18679644,250
18679652,350
18679677,300
18679702,200
18679749,300
18679915,400
18680076,300
18680284,150
18680393,1400
18680578,450
18680741,150
18681045,500
18681143,250
18681153,150
18681224,150
18681234,700
18681367,600
18681419,300
18681438,200
18681471,500
18681569,300
18681582,1200
18681662,250
18681663,200
18681682,400
18681706,100
18681865,150
18682096,300
18682142,200
18682165,500
18682202,300
18682205,400
18682273,400
18682275,400
18682279,400
18682350,500
18682352,400
18682418,300
18682432,300
18682558,500
18682580,100
18682943,300
18682990,500
18683117,500
18683161,400
18683283,400
18683285,600
18683288,600
18683290,200
18683303,200
18683305,300
18683317,400
18683319,300
18683331,150
18683340,400
18683344,500
18683358,300
18683374,400
18683429,800
18683476,1000
18683482,600
18683530,100
18683661,200
18683750,400
18683751,600
18683946,100
18683995,200
18684113,800
18684212,1000
18684341,250
18684375,100
18684424,300
18684665,400
18684673,300
18684690,800
18684728,300
18684790,200
18684807,1300
18684865,200
18684946,100
18685016,400
18685103,450
18685153,300
18685197,350
18685269,150
18685307,500
18685330,1000
18685352,550
18685354,550
18685355,550
18685454,250
18685577,300
18685995,300
18686082,350
18686797,100
18686933,500
18687038,200
18687045,300
18687047,500
18687071,700
18687077,200
18687083,150
18687524,500
18687559,200
18687652,500
18687720,300
18687722,300
18687809,300
18688097,300
18688133,400
18688378,250
18688609,200
18688627,350
18688637,300
18688866,200
18689044,300
18689581,500
18689882,300
18689883,200
18689886,1000
18689887,400
18690179,300
18690181,600
18690280,500
18690353,250
18690714,100
18690937,400
18691091,600
18691459,200
18691632,300
18691692,150
18691750,250
18692410,300
18692661,300
18692723,200
18692842,250
18692895,400
18692908,700
18693100,350
18693106,1000
18693313,300
18693353,200
18693513,250
18693915,650
18694655,300
18694704,800
18694718,600
18695129,300
18695152,500
18695599,500
18695876,300
18695966,250
18695971,500
18696024,300
18696491,400
18696594,500
18696949,900
18697056,400
18697253,400
18697258,500
18697325,400
18697591,200
18697656,600
18697782,200
18697937,400
18697962,200
18698012,500
18698013,150
18698350,300
18698473,300
18698482,200
18698722,300
18699690,200
18700624,200
18700965,200
18701049,400
18701083,200
18701084,350
18701087,250
18701091,200
18701227,200
18701228,400
18701234,400
18701244,350
18701272,200
18701398,400
18701556,300
18701777,250
18701848,400
18701862,300
18701995,250
18702040,200
18702095,400
18702509,300
18702523,450
18702551,200
18702846,300
18702898,200
18702901,300
18703167,300
18703561,250
18703657,150
18703693,500
18703712,1000
18703754,300
18703823,200
18703829,250
18703837,250
18704149,400
18704412,200
18704548,250
18704905,400
18705182,150
18705532,100
18705927,200
18706023,450
18706082,400
18706233,300
18706715,300
18706770,1000
18706780,1000
18706847,1000
18706903,1000
18707027,300
18707065,400
18707394,500
18707407,400
18707425,100
18707439,500
18707473,400
18707598,350
18707621,300
18707621,300
18707641,400
18707644,200
18707652,250
18707748,200
18707991,200
18708002,200
18708213,200
18708271,250
18708282,300
18708331,200
18708342,300
18708383,300
18708387,550
18708728,500
18708890,500
18708899,250
18709089,150
18709191,400
18709251,250
18709258,200
18709396,150
18709536,250
18709539,250
18709540,300
18709599,400
18709719,200
18709736,200
18709749,400
18709772,250
18709791,350
18709941,550
18710086,350
18710175,200
18710252,500
18710652,300
18710686,139
18710700,400
18710705,200
18710719,300
18710727,200
18710777,250
18711092,300
18711106,250
18711202,300
18711304,300
18711338,150
18711365,1000
18711506,200
18711625,350
18712027,200
18712036,250
18712084,150
18712092,300
18712098,400
18712244,500
18712506,300
18712514,400
18712520,400
18712547,300
18712598,750
18712612,200
18712620,200
18712752,200
18712763,550
18712777,400
18712779,500
18713017,500
18713074,500
18713288,200
18713307,200
18713320,200
18713507,400
18713809,200
18713812,100
18713969,500
18714004,300
18714069,500
18714083,200
18714178,500
18714530,150
18714590,400
18714620,149
18714624,350
18714672,500
18714694,400
18714740,250
18714761,600
18714765,600
18715091,250
18715169,200
18715534,200
18715760,800
18715809,200
18715820,450
18715864,800
18715871,500
18715940,500
18716173,150
18716208,200
18716449,550
18716487,300
18716697,500
18716704,400
18716708,900
18716855,400
18717008,400
18717029,200
18717119,400
18717137,500
18717237,350
18717271,300
18717493,300
18717609,300
18717789,700
18718055,600
18718269,500
18718293,200
18718375,200
18718384,300
18718410,200
18718412,300
18718964,300
18719001,500
18719006,300
18719035,500
18719062,350
18719432,250
18719475,150
18719613,300
18719638,500
18720122,200
18720172,150
18720343,150
18720460,150
18720462,147
18720492,300
18720498,600
18720549,250
18720570,400
18720951,100
18720969,450
18720979,300
18720986,200
18721052,300
18721073,250
18721126,600
18721140,200
18721165,200
18721772,500
18722028,700
18722189,500
18722235,200
18722316,550
18722767,500
18722785,400
18722934,300
18723070,500
18723236,400
18723247,300
18723298,1400
18723388,400
18723778,150
18723832,250
18723960,500
18724000,200
18724099,300
18724138,300
18724142,500
18724158,300
18724181,500
18724209,350
18724245,800
18724270,300
18724340,100
18724519,500
18724542,500
18724580,500
18724644,600
18724649,600
18724697,600
18724757,200
18725448,500
18725463,250
18725471,400
18725533,200
18725593,300
18725620,500
18725831,500
18725979,500
18726277,250
18726288,300
18726296,300
18726628,150
18726914,300
18726992,300
18727022,500
18727091,400
18727217,400
18727285,300
18727510,200
18727926,150
18728022,800
18728026,150
18728064,200
18728086,500
18728155,150
18728214,1000
18728301,500
18728314,200
18728586,200
18728617,250
18728732,200
18728831,500
18729018,700
18729262,150
18729461,200
18729493,150
18729513,400
18729516,400
18729552,300
18729579,250
18729631,600
18729777,300
18729787,300
18729896,500
18730112,150
18730146,300
18730152,100
18730205,500
18730270,650
18730353,350
18730565,300
18730584,400
18730592,687
18730745,375
18730748,300
18731651,500
18731710,250
18731933,700
18731938,400
18731980,400
18731996,300
18732494,300
18732636,700
18732787,250
18732795,1500
18732953,250
18732978,200
18732984,200
18733142,200
18733220,150
18733767,600
18733894,300
18734010,400
18734058,300
18734340,400
18734354,300
18734791,200
18735232,300
18735404,400
18735679,250
18735697,300
18735710,300
18735848,300
18735911,550
18735917,150
18736287,200
18736348,300
18736357,350
18736464,300
18736491,700
18736619,100
18737392,1000
18737437,400
18737561,300
18737692,500
18737898,500
18737899,200
18737901,800
18738303,300
18738840,300
18738878,500
18738913,300
18739028,450
18739425,300
18739653,250
18739653,250
18739694,400
18740040,300
18740050,1000
18740148,200
18740203,250
18740844,400
18741151,400
18741443,250
18741818,300
18741849,400
18741880,500
18741914,300
18742308,300
18742405,300
18742579,150
18743044,1500
18743752,200
18744176,600
18744189,250
18744205,200
18744208,200
18744210,400
18744386,500
18745123,250
18745139,300
18745207,300
18745219,150
18745423,400
18745513,600
18745537,300
18745608,600
18746310,200
18746428,350
18746441,200
18746485,200
18746590,500
18746951,350
18747004,400
18747111,200
18747170,400
18747197,300
18747204,500
18747211,500
18747216,400
18747474,200
18747813,600
18747815,400
18747834,100
18747870,900
18747914,200
18748379,500
18748529,500
18748558,600
18748570,150
18748649,200
18748696,300
18748698,700
18748738,150
18749512,500
18749526,300
18749642,400
18749724,500
18749772,1000
18749797,250
18749810,500
18749832,500
18749858,300
18749902,300
18749932,300
18749956,300
18749972,500
18750087,500
18750375,700
18750524,250
18750660,150
18750683,300
18750689,400
18750693,300
18750708,800
18750754,300
18751470,300
18751493,250
18751498,1000
18751849,1000
18752024,300
18752051,300
18752260,300
18752298,250
18753122,400
18753191,1000
18753214,300
18753380,400
18753385,400
18754051,400
18754239,200
18754265,300
18754475,250
18754503,300
18754568,800
18754770,400
18754977,400
18755058,250
18755076,200
18755269,300
18755414,600
18755583,200
18755793,200
18755841,850
18755916,200
18756273,400
18756301,200
18756433,1000
18756786,200
18757453,500
18757613,150
18757691,500
18757902,500
18757905,500
18757944,300
18757972,200
18757973,900
18758257,500
18758495,500
18758508,150
18758572,300
18758759,500
18758970,500
18759209,400
18759259,150
18759791,600
18759824,300
18759966,100
18760270,300
18760285,200
18760356,400
18760466,200
18761167,1000
18761176,200
18761269,300
18761275,200
18762639,250
18762820,400
18762821,400
18762866,400
18762901,200
18762917,1300
18762954,300
18762961,700
18763022,400
18763102,400
18763161,400
18763286,800
18763300,300
18763434,500
18763518,600
18763533,300
18763575,300
18763625,200
18763836,1000
18764597,300
18765112,200
18765201,400
18765298,500
18765390,600
18765480,200
18765490,400
18765495,150
18765506,400
18765610,300
18766060,200
18766103,200
18766164,1200
18766201,400
18766375,400
18766378,400
18766535,400
18766544,250
18766585,400
18767033,300
18767091,300
18767251,500
18767476,350
18767490,500
18767603,400
18767629,300
18767858,1000
18767873,250
18768078,800
18768079,300
18768441,450
18768658,300
18768687,600
18768725,400
18769658,400
18769689,300
18770016,400
18770024,200
18770092,300
18770117,700
18770120,700
18770298,300
18771495,150
18771526,700
18771527,300
18771612,400
18771699,200
18771990,250
18772125,400
18772644,400
18772668,1000
18773021,300
18773132,200
18773162,200
18773229,300
18773491,300
18773811,300
18773843,250
18773883,500
18773928,1000
18774032,300
18774045,200
18774294,400
18774310,300
18774316,500
18774881,400
18774973,1350
18774987,500
18775076,1000
18775280,300
18775536,400
18775766,-
18775772,300
18775806,250
18775826,400
18775870,600
18775912,300
18776471,350
18776705,200
18776883,300
18776884,300
18777018,300
18777024,300
18777052,200
18777083,200
18777108,300
18777134,200
18777320,1600
18777670,300
18777686,300
18777766,300
18777830,200
18777858,500
18777881,200
18777939,300
18777944,250
18777947,150
18777948,250
18778036,800
18778038,200
18778102,400
18778352,600
18778438,150
18778439,150
18778443,150
18778447,150
18778554,250
18778716,200
18778734,150
18778758,700
18778809,200
18779032,250
18779113,300
18779225,250
18779562,200
18779570,200
18779806,300
18779821,300
18779822,500
18779933,500
18779952,500
18780010,400
18780401,300
18780458,300
18780463,300
18780465,300
18780468,300
18780472,300
18780511,500
18780697,300
18780700,200
18780722,700
18780742,400
18780749,200
18780879,350
18780884,300
18781207,700
18781344,450
18781375,150
18781461,300
18781464,900
18782337,1000
18782447,400
18782551,500
18782623,300
18783020,100
18783081,500
18783232,500
18783239,400
18783251,400
18783310,400
18783316,1000
18783376,700
18783383,300
18783484,250
18783978,200
18784171,400
18784288,300
18784426,250
18784437,350
18784859,1000
18784902,600
18784939,300
18784948,200
18785137,150
18785784,200
18786236,300
18786289,400
18787316,200
18787696,500
18787862,300
18788007,300
18788469,250
18788552,600
18788753,300
18788761,300
18788797,300
18789299,300
18789367,200
18789494,400
18789508,300
18789522,700
18789539,300
18789554,250
18789590,300
18789690,300
18790152,600
18790188,300
18790196,250
18790201,400
18790211,400
18790217,500
18790247,300
18790399,300
18790400,400
18790680,200
18790985,400
18791037,600
18791144,400
18791331,1000
18791340,250
18791363,250
18791389,250
18791476,700
18792029,900
18793087,400
18793095,500
18793107,200
18793118,200
18793137,400
18793165,800
18793254,250
18793256,300
18793315,500
18793408,300
18793446,200
18793543,300
18793881,200
18793893,300
18793913,650
18794031,300
18794043,300
18794387,500
18794708,600
18794714,800
18794792,600
18794805,300
18794825,800
18794851,200
18794881,400
18794885,300
18794889,300
18794901,350
18794938,800
18795187,300
18795227,200
18795275,200
18795330,700
18795339,150
18795810,250
18796196,500
18796211,550
18796294,300
18796297,100
18796302,300
18796705,1300
18796767,250
18797059,400
18797097,200
18797098,200
18797101,200
18797103,200
18797107,200
18797109,200
18797116,200
18797126,400
18797150,400
18797168,300
18797185,150
18797203,150
18797550,600
18797771,1000
18798824,450
18798848,200
18798865,500
18798870,300
18799011,300
18799031,250
18799189,300
18799321,1000
18799348,800
18799351,400
18799468,400
18799470,300
18799911,400
18800403,200
18800462,200
18800473,500
18800658,300
18800704,300
18800899,600
18800917,400
18800942,150
18801002,400
18801010,400
18801012,300
18801040,400
18801434,200
18801478,500
18801504,250
18801512,600
18801519,700
18801574,300
18801700,300
18801730,200
18801737,300
18801751,350
18801819,200
18801834,600
18801836,250
18801839,250
18801843,350
18801847,200
18801849,200
18801864,300
18802431,200
18802433,800
18802492,400
18802580,400
18802619,250
18802636,300
18802658,150
18802785,400
18802803,200
18803806,300
18805437,300
18805447,350
18805473,500
18805504,500
18805521,600
18805788,400
18805858,400
18805868,400
18805882,300
18805917,300
18805918,400
18805928,650
18805940,600
18805948,250
18805958,300
18805968,200
18805991,300
18805997,250
18805998,200
18806001,100
18806006,800
18806009,200
18806013,200
18806034,500
18806069,300
18806430,1000
18806460,150
18806472,400
18806479,500
18806504,200
18806506,200
18806536,250
18806547,250
18806647,350
18806747,300
18806824,500
18806833,250
18806846,450
18806847,400
18806872,1000
18807491,300
18807542,250
18807565,500
18807584,300
18807591,150
18807595,800
18807598,200
18807604,500
18807628,200
18807647,300
18807660,150
18807698,300
18807699,300
18807704,500
18807706,200
18807709,300
18807712,500
18807717,300
18807720,150
18807722,300
18807725,250
18807726,300
18807727,500
18807728,300
18807732,300
18807745,400
18808076,300
18808081,300
18808240,500
18808252,150
18808263,250
18808275,300
18808288,300
18808303,400
18808309,500
18808312,100
18808334,100
18808338,100
18808341,100
18808357,300
18808367,150
18808372,250
18808381,100
18808389,250
18808392,800
18808403,600
18808430,300
18808497,200
18808499,150
18808503,250
18808950,1000
18809153,500
18809198,500
18809211,200
18809216,500
18809218,450
18809224,300
18809225,400
18809236,250
18809241,800
18809595,300
18809699,1500
18809783,500
18810406,300
18810409,300
18810411,300
18810425,600
18810674,200
18810753,800
18810764,800
18811682,450
18811777,1000
18811814,200
18811914,120
18811938,600
18811982,600
18812535,200
18812539,300
18812843,1200
18812925,400
18812950,250
18813042,800
18813156,400
18813248,300
18814153,700
18814921,400
18817262,1000
18817268,200
18817297,450
18817305,300
18817368,700
18817374,150
18817377,400
18817417,250
18817978,1000
18818042,500
18818053,800
18818057,300
18818069,350
18818073,250
18818080,100
18818138,200
18818151,300
18818168,250
18818179,300
18818239,500
18818240,150
18818284,300
18818304,150
18818323,350
18818326,100
18818330,100
18818340,200
18818426,200
18819358,250
18819525,150
18819537,600
18820627,700
18820732,300
18820914,550
18820917,250
18821043,1000
18821492,400
18821504,150
18821521,400
18821525,200
18821543,300
18821558,250
18821712,300
18821720,400
18821735,600
18821794,300
18821870,250
18821899,400
18821916,300
18821947,800
18821952,250
18822000,400
18822058,150
18822066,150
18822067,150
18822072,150
18823639,300
18823641,250
18823671,800
18823682,100
18823714,400
18823754,300
18823769,300
18823810,500
18823835,300
18823873,300
18824061,450
18824313,300
18824923,500
18824943,300
18825044,1000
18825236,500
18825251,1000
18825280,100
18825302,500
18825567,300
18825634,500
18825719,400
18833132,400
18833645,400
18833783,300
18833815,1000
18833833,150
18833898,200
18833911,300
18833914,300
18833967,250
18833982,200
18834246,800
18836465,300
18836871,100
18836895,250
18836908,350
18837038,300
18837042,300
18837044,300
18837063,250
18839707,500
18839783,800
18839850,400
18839919,300
18840046,500
18840196,250
18840197,600
18840217,250
18840428,200
18840799,300
18840851,400
18843702,400
18844138,500
18845371,800
18848044,200
18848331,150
18848362,250
18848382,250
18848615,600
18848627,300
18848647,1200
18848655,400
18848656,500
18848667,800
18848673,500
18848722,250
18848732,500
18848842,350
18851405,200
18851792,250
18852703,150
18852866,400
18852900,450
18853493,300
18853659,250
18853678,650
18853694,200
18853700,400
18853701,500
18853736,350
18854135,200
18854212,400
18854349,200
18854353,650
18854421,700
18854597,400
18854859,200
18855461,300
18855897,300
18855931,300
18856018,300
18856107,300
18856525,400
18856557,500
18856576,150
18856597,200
18856674,200
18856747,250
18856790,450
18857029,250
18857925,1000
18858230,300
18858400,200
18859563,200
18598028,300
20359,700
20624,900
20630,400
20733,800
20757,700
20933,200
20962,500
20969,300
21017,1200
21024,250
21053,600
21060,200
21232,600
21374,900
21546,1500
18461724,200
18461725,200
18452240,200
18410814,450
18287246,800
18287251,700
17945184,200
18166903,200
18296321,200
24895,400
24795,1300
18420379,450
18296349,450
22828,350
18278308,350
18325262,350
21593,350
21945,650
18361675,650
18455301,650
23147,650
23929,400
18198657,300
22028,750
21840,1400
22713,600
23360,600
22782,500
24479,600
18017630,400
18166921,300
18296359,300
25623,300
24789,450
21728,900
21993,650
22063,150
22123,350
18162680,300
24244,350
18414417,150
18452216,700
18420519,350
18281732,200
22507,300
22890,150
23927,500
24312,250
24933,250
24721,600
24790,300
18296333,600
18386803,400
18249159,550
18343735,500
18224034,500
18420390,1200
24559,300
21377,1000
21728,900
21993,650
22574,450
23245,400
23604,450
24029,500
24116,400
24244,350
22123,350
24692,400
24944,450
25160,250
25577,650
25693,450
17953898,1000
17983767,300
18134885,450
18143246,750
18143265,600
18162692,700
18213951,200
18217439,350
18237043,550
18259447,300
18287230,300
18287261,550
18296340,300
18311136,450
18361669,450
18361679,750
18368670,400
18368672,700
18368674,350
18368681,300
18377105,700
18386785,250
18386800,400
18386812,200
18398899,300
18414398,700
18414403,600
18577279,450
18858230,300
18440225,250
18440241,300
22417,150
22709,550
18143235,400
18224063,500
18259460,550
18377083,250
21672,350
24468,300
18536592,250
18471948,800
23317,350
18452214,300
21824,300
18354608,200
24530,800
18535413,300
18674302,300
18420498,800
24469,300
18354609,200
21968,350
23924,300
18515237,350
18521700,300
24470,300
20789,350
18674307,300
18398874,300
24195,1000
18162655,400
18420395,300
18461733,350
25004,250
